id,first_name,last_name,email,money
1,Shandee,Pearce,spearce0@ehow.com,0.66
2,Gwen,Barnwell,gbarnwell1@bravesites.com,1.95
3,Trev,Casillas,tcasillas2@miitbeian.gov.cn,2.82
4,Claus,Woodyer,cwoodyer3@zimbio.com,9.01
5,Mellisa,Gilson,mgilson4@jimdo.com,2.33
6,Archer,Ellse,aellse5@lulu.com,2.77
7,Ginnifer,Sangster,gsangster6@google.nl,1.20
8,Giffer,de Broke,gdebroke7@mapquest.com,4.05
9,Ahmed,Gunton,agunton8@facebook.com,5.15
10,Joe,Nerne,jnerne9@ehow.com,8.40
11,Hattie,Barzen,hbarzena@nih.gov,0.47
12,Gennie,Ellor,gellorb@auda.org.au,9.90
13,Rayshell,Celli,rcellic@addthis.com,2.47
14,Ky,Wynn,kwynnd@storify.com,7.10
15,Tudor,Gadie,tgadiee@istockphoto.com,7.14
16,Dion,Basini-Gazzi,dbasinigazzif@state.gov,8.42
17,Celle,Decreuze,cdecreuzeg@craigslist.org,8.35
18,Pren,Coyish,pcoyishh@ucoz.ru,7.94
19,Worthington,Airy,wairyi@is.gd,6.88
20,Arlin,Merioth,ameriothj@bigcartel.com,4.66
21,Dita,Gillebride,dgillebridek@vimeo.com,3.37
22,Gabbey,Zanetti,gzanettil@vkontakte.ru,4.76
23,Tiff,Quig,tquigm@lycos.com,8.36
24,Pearla,Askie,paskien@shareasale.com,8.11
25,Deane,Klossek,dklosseko@unc.edu,8.88
26,Judah,Aldington,jaldingtonp@t.co,1.94
27,Cosmo,Jacobovitch,cjacobovitchq@washington.edu,7.30
28,Mag,Troy,mtroyr@wired.com,5.49
29,Martainn,Stammirs,mstammirss@nymag.com,8.21
30,Bengt,Geddis,bgeddist@ovh.net,0.08
31,Bethanne,Acott,bacottu@weibo.com,2.17
32,Rosalie,Mahaddy,rmahaddyv@hp.com,9.06
33,Osmond,Brosenius,obroseniusw@google.co.jp,9.31
34,Chery,Grgic,cgrgicx@wikipedia.org,3.25
35,Denyse,Fernie,dferniey@nba.com,8.02
36,Pris,Eixenberger,peixenbergerz@bravesites.com,6.45
37,Dannie,Kear,dkear10@wiley.com,2.66
38,Jourdan,Persey,jpersey11@de.vu,0.07
39,Carmine,Nairn,cnairn12@europa.eu,8.37
40,Bessie,Ramey,bramey13@freewebs.com,6.25
41,Alane,Spiller,aspiller14@go.com,4.12
42,Tatum,Fortoun,tfortoun15@delicious.com,2.65
43,Bell,Torpie,btorpie16@ehow.com,8.94
44,Bambie,O'Crigane,bocrigane17@creativecommons.org,5.16
45,Moyna,Kitcatt,mkitcatt18@umn.edu,7.37
46,Maddie,Thoresby,mthoresby19@opensource.org,9.30
47,Janetta,McKinnell,jmckinnell1a@berkeley.edu,0.94
48,Lemar,Taylo,ltaylo1b@howstuffworks.com,6.00
49,Shae,Thalmann,sthalmann1c@wufoo.com,1.17
50,Astrid,Bexon,abexon1d@simplemachines.org,2.29
